<?xml version="1.0" encoding="UTF-8"?>
<GenRun Id="synth_1" LaunchPart="xa7a35tcpg236-1I" LaunchTime="1600719088">
  <File Type="PA-TCL" Name="main.tcl"/>
  <File Type="REPORTS-TCL" Name="main_reports.tcl"/>
  <File Type="RDS-RDS" Name="main.vds"/>
  <File Type="RDS-UTIL" Name="main_utilization_synth.rpt"/>
  <File Type="RDS-UTIL-PB" Name="main_utilization_synth.pb"/>
  <File Type="RDS-DCP" Name="main.dcp"/>
  <FileSet Name="sources" Type="DesignSrcs" RelSrcDir="$PSRCDIR/sources_1">
    <Filter Type="Srcs"/>
    <File Path="$PSRCDIR/sources_1/new/sub_task_1_clock.v">
      <FileInfo>
        <Attr Name="ImportPath" Val="$PPRDIR/../../../../Post_Lab_3.srcs/sources_1/new/sub_task_1_clock.v"/>
        <Attr Name="ImportTime" Val="1600521747"/>
        <Attr Name="UsedIn" Val="synthesis"/>
        <Attr Name="UsedIn" Val="implementation"/>
        <Attr Name="UsedIn" Val="simulation"/>
      </FileInfo>
    </File>
    <File Path="$PSRCDIR/sources_1/new/sub_task_2_F_blink.v">
      <FileInfo>
        <Attr Name="ImportPath" Val="$PPRDIR/../../../../Post_Lab_3.srcs/sources_1/new/sub_task_2_F_blink.v"/>
        <Attr Name="ImportTime" Val="1600527445"/>
        <Attr Name="UsedIn" Val="synthesis"/>
        <Attr Name="UsedIn" Val="implementation"/>
        <Attr Name="UsedIn" Val="simulation"/>
      </FileInfo>
    </File>
    <File Path="$PSRCDIR/sources_1/new/sub_task_2_F_on.v">
      <FileInfo>
        <Attr Name="ImportPath" Val="$PPRDIR/../../../../Post_Lab_3.srcs/sources_1/new/sub_task_2_F_on.v"/>
        <Attr Name="ImportTime" Val="1600527416"/>
        <Attr Name="UsedIn" Val="synthesis"/>
        <Attr Name="UsedIn" Val="implementation"/>
        <Attr Name="UsedIn" Val="simulation"/>
      </FileInfo>
    </File>
    <File Path="$PSRCDIR/sources_1/new/main.v">
      <FileInfo>
        <Attr Name="ImportPath" Val="$PPRDIR/../../../../Post_Lab_3.srcs/sources_1/new/main.v"/>
        <Attr Name="ImportTime" Val="1600719041"/>
        <Attr Name="UsedIn" Val="synthesis"/>
        <Attr Name="UsedIn" Val="implementation"/>
        <Attr Name="UsedIn" Val="simulation"/>
      </FileInfo>
    </File>
    <File Path="$PSRCDIR/sources_1/new/sub_task_2_F_off.v">
      <FileInfo>
        <Attr Name="AutoDisabled" Val="1"/>
        <Attr Name="ImportPath" Val="$PPRDIR/../../../../Post_Lab_3.srcs/sources_1/new/sub_task_2_F_off.v"/>
        <Attr Name="ImportTime" Val="1600689462"/>
        <Attr Name="UsedIn" Val="synthesis"/>
        <Attr Name="UsedIn" Val="implementation"/>
        <Attr Name="UsedIn" Val="simulation"/>
      </FileInfo>
    </File>
    <File Path="$PSRCDIR/sources_1/new/sub_task_1.v">
      <FileInfo>
        <Attr Name="AutoDisabled" Val="1"/>
        <Attr Name="ImportPath" Val="$PPRDIR/../../../../Post_Lab_3.srcs/sources_1/new/sub_task_1.v"/>
        <Attr Name="ImportTime" Val="1600701580"/>
        <Attr Name="UsedIn" Val="synthesis"/>
        <Attr Name="UsedIn" Val="implementation"/>
        <Attr Name="UsedIn" Val="simulation"/>
      </FileInfo>
    </File>
    <File Path="$PSRCDIR/sources_1/new/sub_task_2.v">
      <FileInfo>
        <Attr Name="AutoDisabled" Val="1"/>
        <Attr Name="ImportPath" Val="$PPRDIR/../../../../Post_Lab_3.srcs/sources_1/new/sub_task_2.v"/>
        <Attr Name="ImportTime" Val="1600700448"/>
        <Attr Name="UsedIn" Val="synthesis"/>
        <Attr Name="UsedIn" Val="implementation"/>
        <Attr Name="UsedIn" Val="simulation"/>
      </FileInfo>
    </File>
    <File Path="$PSRCDIR/sources_1/new/sub_task_2b.v">
      <FileInfo>
        <Attr Name="AutoDisabled" Val="1"/>
        <Attr Name="ImportPath" Val="$PPRDIR/../../../../Post_Lab_3.srcs/sources_1/new/sub_task_2b.v"/>
        <Attr Name="ImportTime" Val="1600700162"/>
        <Attr Name="UsedIn" Val="synthesis"/>
        <Attr Name="UsedIn" Val="implementation"/>
        <Attr Name="UsedIn" Val="simulation"/>
      </FileInfo>
    </File>
    <File Path="$PSRCDIR/sources_1/new/7_segment_display.v">
      <FileInfo>
        <Attr Name="AutoDisabled" Val="1"/>
        <Attr Name="ImportPath" Val="$PPRDIR/../../../../Post_Lab_3.srcs/sources_1/new/7_segment_display.v"/>
        <Attr Name="ImportTime" Val="1600528730"/>
        <Attr Name="UsedIn" Val="synthesis"/>
        <Attr Name="UsedIn" Val="implementation"/>
        <Attr Name="UsedIn" Val="simulation"/>
      </FileInfo>
    </File>
    <Config>
      <Option Name="DesignMode" Val="RTL"/>
      <Option Name="TopModule" Val="main"/>
    </Config>
  </FileSet>
  <FileSet Name="constrs_in" Type="Constrs" RelSrcDir="$PSRCDIR/constrs_1">
    <Filter Type="Constrs"/>
    <File Path="$PSRCDIR/constrs_1/imports/Lab/Basys3_Master.xdc">
      <FileInfo>
        <Attr Name="ImportPath" Val="$PPRDIR/../../../../../Basys3_Master.xdc"/>
        <Attr Name="ImportTime" Val="1600544776"/>
        <Attr Name="UsedIn" Val="synthesis"/>
        <Attr Name="UsedIn" Val="implementation"/>
      </FileInfo>
    </File>
    <Config>
      <Option Name="ConstrsType" Val="XDC"/>
    </Config>
  </FileSet>
  <Strategy Version="1" Minor="2">
    <StratHandle Name="Vivado Synthesis Defaults" Flow="Vivado Synthesis 2018"/>
    <Step Id="synth_design"/>
  </Strategy>
</GenRun>
