<?xml version="1.0" encoding="UTF-8"?>
<GenRun Id="impl_1" LaunchPart="xa7a35tcpg236-1I" LaunchTime="1600593683">
  <File Type="ROUTE-PWR" Name="Post_Lab_3_Assignment_power_routed.rpt"/>
  <File Type="PA-TCL" Name="Post_Lab_3_Assignment.tcl"/>
  <File Type="BITSTR-BMM" Name="Post_Lab_3_Assignment_bd.bmm"/>
  <File Type="ROUTE-PWR-SUM" Name="Post_Lab_3_Assignment_power_summary_routed.pb"/>
  <File Type="REPORTS-TCL" Name="Post_Lab_3_Assignment_reports.tcl"/>
  <File Type="OPT-DCP" Name="Post_Lab_3_Assignment_opt.dcp"/>
  <File Type="OPT-DRC" Name="Post_Lab_3_Assignment_drc_opted.rpt"/>
  <File Type="OPT-HWDEF" Name="Post_Lab_3_Assignment.hwdef"/>
  <File Type="PWROPT-DCP" Name="Post_Lab_3_Assignment_pwropt.dcp"/>
  <File Type="PLACE-DCP" Name="Post_Lab_3_Assignment_placed.dcp"/>
  <File Type="PLACE-IO" Name="Post_Lab_3_Assignment_io_placed.rpt"/>
  <File Type="PLACE-UTIL" Name="Post_Lab_3_Assignment_utilization_placed.rpt"/>
  <File Type="PLACE-UTIL-PB" Name="Post_Lab_3_Assignment_utilization_placed.pb"/>
  <File Type="PLACE-CTRL" Name="Post_Lab_3_Assignment_control_sets_placed.rpt"/>
  <File Type="PLACE-PRE-SIMILARITY" Name="Post_Lab_3_Assignment_incremental_reuse_pre_placed.rpt"/>
  <File Type="BG-BGN" Name="Post_Lab_3_Assignment.bgn"/>
  <File Type="POSTPLACE-PWROPT-DCP" Name="Post_Lab_3_Assignment_postplace_pwropt.dcp"/>
  <File Type="BG-BIN" Name="Post_Lab_3_Assignment.bin"/>
  <File Type="PHYSOPT-DCP" Name="Post_Lab_3_Assignment_physopt.dcp"/>
  <File Type="BITSTR-MSK" Name="Post_Lab_3_Assignment.msk"/>
  <File Type="ROUTE-ERROR-DCP" Name="Post_Lab_3_Assignment_routed_error.dcp"/>
  <File Type="ROUTE-DCP" Name="Post_Lab_3_Assignment_routed.dcp"/>
  <File Type="ROUTE-BLACKBOX-DCP" Name="Post_Lab_3_Assignment_routed_bb.dcp"/>
  <File Type="ROUTE-DRC" Name="Post_Lab_3_Assignment_drc_routed.rpt"/>
  <File Type="ROUTE-DRC-PB" Name="Post_Lab_3_Assignment_drc_routed.pb"/>
  <File Type="ROUTE-DRC-RPX" Name="Post_Lab_3_Assignment_drc_routed.rpx"/>
  <File Type="BITSTR-LTX" Name="Post_Lab_3_Assignment.ltx"/>
  <File Type="ROUTE-METHODOLOGY-DRC" Name="Post_Lab_3_Assignment_methodology_drc_routed.rpt"/>
  <File Type="BITSTR-MMI" Name="Post_Lab_3_Assignment.mmi"/>
  <File Type="ROUTE-METHODOLOGY-DRC-RPX" Name="Post_Lab_3_Assignment_methodology_drc_routed.rpx"/>
  <File Type="ROUTE-METHODOLOGY-DRC-PB" Name="Post_Lab_3_Assignment_methodology_drc_routed.pb"/>
  <File Type="BITSTR-SYSDEF" Name="Post_Lab_3_Assignment.sysdef"/>
  <File Type="ROUTE-PWR-RPX" Name="Post_Lab_3_Assignment_power_routed.rpx"/>
  <File Type="ROUTE-STATUS" Name="Post_Lab_3_Assignment_route_status.rpt"/>
  <File Type="ROUTE-STATUS-PB" Name="Post_Lab_3_Assignment_route_status.pb"/>
  <File Type="ROUTE-TIMINGSUMMARY" Name="Post_Lab_3_Assignment_timing_summary_routed.rpt"/>
  <File Type="ROUTE-TIMING-PB" Name="Post_Lab_3_Assignment_timing_summary_routed.pb"/>
  <File Type="ROUTE-TIMING-RPX" Name="Post_Lab_3_Assignment_timing_summary_routed.rpx"/>
  <File Type="ROUTE-CLK" Name="Post_Lab_3_Assignment_clock_utilization_routed.rpt"/>
  <File Type="ROUTE-BUS-SKEW" Name="Post_Lab_3_Assignment_bus_skew_routed.rpt"/>
  <File Type="ROUTE-BUS-SKEW-PB" Name="Post_Lab_3_Assignment_bus_skew_routed.pb"/>
  <File Type="ROUTE-BUS-SKEW-RPX" Name="Post_Lab_3_Assignment_bus_skew_routed.rpx"/>
  <File Type="POSTROUTE-PHYSOPT-DCP" Name="Post_Lab_3_Assignment_postroute_physopt.dcp"/>
  <File Type="POSTROUTE-PHYSOPT-BLACKBOX-DCP" Name="Post_Lab_3_Assignment_postroute_physopt_bb.dcp"/>
  <File Type="BG-BIT" Name="Post_Lab_3_Assignment.bit"/>
  <File Type="BITSTR-RBT" Name="Post_Lab_3_Assignment.rbt"/>
  <File Type="BITSTR-NKY" Name="Post_Lab_3_Assignment.nky"/>
  <File Type="BG-DRC" Name="Post_Lab_3_Assignment.drc"/>
  <File Type="RDI-RDI" Name="Post_Lab_3_Assignment.vdi"/>
  <File Type="WBT-USG" Name="usage_statistics_webtalk.html"/>
  <FileSet Name="sources" Type="DesignSrcs" RelSrcDir="$PSRCDIR/sources_1">
    <Filter Type="Srcs"/>
    <File Path="$PSRCDIR/sources_1/new/sub_task_2_F_Blink.v">
      <FileInfo>
        <Attr Name="ImportPath" Val="$PPRDIR/../../../../Post_Lab_3_Assignment.srcs/sources_1/new/sub_task_2_F_Blink.v"/>
        <Attr Name="ImportTime" Val="1600541164"/>
        <Attr Name="UsedIn" Val="synthesis"/>
        <Attr Name="UsedIn" Val="implementation"/>
        <Attr Name="UsedIn" Val="simulation"/>
      </FileInfo>
    </File>
    <File Path="$PSRCDIR/sources_1/new/Post_Lab_3_Assignment.v">
      <FileInfo>
        <Attr Name="ImportPath" Val="$PPRDIR/../../../../Post_Lab_3_Assignment.srcs/sources_1/new/Post_Lab_3_Assignment.v"/>
        <Attr Name="ImportTime" Val="1600593660"/>
        <Attr Name="UsedIn" Val="synthesis"/>
        <Attr Name="UsedIn" Val="implementation"/>
        <Attr Name="UsedIn" Val="simulation"/>
      </FileInfo>
    </File>
    <Config>
      <Option Name="DesignMode" Val="RTL"/>
      <Option Name="TopModule" Val="Post_Lab_3_Assignment"/>
      <Option Name="TopAutoSet" Val="TRUE"/>
    </Config>
  </FileSet>
  <FileSet Name="constrs_in" Type="Constrs" RelSrcDir="$PSRCDIR/constrs_1">
    <Filter Type="Constrs"/>
    <File Path="$PSRCDIR/constrs_1/imports/Lab/Basys3_Master.xdc">
      <FileInfo>
        <Attr Name="ImportPath" Val="$PPRDIR/../../../../../Basys3_Master.xdc"/>
        <Attr Name="ImportTime" Val="1600544776"/>
        <Attr Name="UsedIn" Val="synthesis"/>
        <Attr Name="UsedIn" Val="implementation"/>
      </FileInfo>
    </File>
    <Config>
      <Option Name="ConstrsType" Val="XDC"/>
    </Config>
  </FileSet>
  <Strategy Version="1" Minor="2">
    <StratHandle Name="Vivado Implementation Defaults" Flow="Vivado Implementation 2018"/>
    <Step Id="init_design"/>
    <Step Id="opt_design"/>
    <Step Id="power_opt_design"/>
    <Step Id="place_design"/>
    <Step Id="post_place_power_opt_design"/>
    <Step Id="phys_opt_design"/>
    <Step Id="route_design"/>
    <Step Id="post_route_phys_opt_design"/>
    <Step Id="write_bitstream"/>
  </Strategy>
</GenRun>
